Participant,Practice,Block,Trial,Ratio,Position,Orientation,Answer,CompletionTime,ParticipantAngle,TaskCompletionTime
0,false,1,0,0.48,0,vertical,52,15.26153,92.78928,15269.46
0,false,1,1,0.28,1,vertical,25,15.42147,165.5255,22071.05
0,false,1,2,0.88,2,vertical,93,9.839928,171.6675,9840.688
0,false,2,0,0.58,0,horizontal,57,12.78242,81.88457,14375.82
0,false,2,1,0.48,1,horizontal,44,10.03916,164.6549,10790.08
0,false,2,2,0.78,2,horizontal,91,12.77283,171.5487,12778.12
0,false,1,0,0.48,0,vertical,48,3.709208,148.0239,3716.414
0,false,1,1,0.28,1,vertical,49,45.93366,172.647,50524.45
