Participant,Practice,Block,Trial,Property,Ratio,Answer,size1Output,headPosition,headRotation,eyeStimuliAngle,TaskCompletionTime
0,false,1,0,BarChart,0.73,80,1.02,-0.003733277;1.106994;0.05162436,0.2090709;0.01019148;0.009876979,0,100740.9
0,false,1,1,BarChart,0.08,10,0.9899999,-0.006354928;1.102713;0.05004168,0.2297001;0.02236271;0.01719896,0,28985.67
0,false,1,2,BarChart,0.28,32,0.97,-0.008634806;1.094921;0.05445486,0.2240455;0.006203084;0.01585418,0,15760.45
0,false,2,0,Length,0.88,83,0.9899999,-0.006558776;1.101309;0.04726046,0.2180081;0.02624446;0.01306873,0,29923.58
0,false,2,1,Length,0.48,36,1.04,-0.00618875;1.104303;0.04618371,0.206974;0.02624662;0.01297689,0,7350.469
0,false,2,2,Length,0.63,49,0.95,-0.006246686;1.104953;0.04598463,0.2054265;0.02493997;0.01230785,0,7014.813
0,false,3,0,Area,0.13,5,1.02,-0.01159036;1.096183;0.05150771,0.2236464;0.01117683;0.006140437,0,21211.06
0,false,3,1,Area,0.63,59,0.95,-0.009307981;1.099269;0.04748344,0.2203727;0.009423494;0.009791034,0,17257.13
0,false,3,2,Area,0.58,43,1.03,-0.008802056;1.104342;0.0430274,0.2002637;0.01751057;0.005017697,0,7014.688
