Participant,Practice,Block,Trial,Property,Ratio,Size1,Answer,size1Output,headPosition,headRotation,TaskCompletionTime
0,false,1,0,BarChart,0.73,1,44,0.9899999,0.5285074;0.8572218;-0.1434334,0.2637903;-0.185964;0.05120615,5043.064
0,false,1,1,BarChart,0.08,1,56,0.98,0.5646921;0.8523471;-0.1484553,0.2983803;-0.008230438;0.02339677,3591.01
0,false,1,2,BarChart,0.28,1,45,1.01,0.5632342;0.8537541;-0.1482204,0.2850308;-0.01802649;0.037944,2929.266
